{"anchorInfo":{"anchorX":-0.016560105606913568,"anchorY":-0.8644259572029114,"anchorZ":2.3680953979492189,"anchorRotX":0.244291290640831,"anchorRotY":347.5408020019531,"anchorRotZ":359.97149658203127,"anchorScaleX":1.0,"anchorScaleY":1.0,"anchorScaleZ":1.0},"Name":"CloudAnchor0","Scenario":"iris","Id":"ua-3ab90c5c0f7a9ad4e4b1eb222d64da27","ListAnchorObjects":[{"Prefab_name":"Barrier","X":-2.292760133743286,"Y":0.008697867393493653,"Z":-0.21177327632904054,"Rotation":-312.7441101074219,"Scale_X":0.7882572412490845,"Scale_Y":0.7882572412490845,"Scale_Z":0.7882572412490845,"PathNumber":0,"BezierNumber":0},{"Prefab_name":"Arrow","X":0.021833639591932298,"Y":-0.007298171520233154,"Z":0.15037544071674348,"Rotation":-259.052001953125,"Scale_X":1.0,"Scale_Y":1.0,"Scale_Z":1.0,"PathNumber":0,"BezierNumber":1},{"Prefab_name":"Goal","X":-3.325620412826538,"Y":0.0008488893508911133,"Z":1.0555328130722047,"Rotation":-76.60775756835938,"Scale_X":0.800000011920929,"Scale_Y":0.800000011920929,"Scale_Z":0.800000011920929,"PathNumber":0,"BezierNumber":2}]}